<?xml version="1.0" encoding="utf-8"?>
<helpItems xmlns="http://msh" schema="maml">
<command:command xmlns:maml="http://schemas.microsoft.com/maml/2004/10" xmlns:command="http://schemas.microsoft.com/maml/dev/command/2004/10" xmlns:dev="http://schemas.microsoft.com/maml/dev/2004/10">
	<command:details>
		<command:name>Connect-SrmServer</command:name>
		<maml:description>
			<maml:para>This cmdlet establishes a connection to a vCenter Site Recovery Manager (SRM) server.</maml:para>
		</maml:description>
		<maml:copyright>
           <maml:para />
		<!--Add copy right info here.-->
		</maml:copyright>
		<command:verb>Connect</command:verb>
		<command:noun>SrmServer</command:noun>
		<!--Add Dev version info here.-->
		<dev:version />
	</command:details>
	<maml:description>
	<!--This is the Description section-->
		<maml:para>This cmdlet establishes a connection to an SRM server. To access the SRM API, use the ExtensionData property of the output of this command.

The resulting connections are added to the list of default connections in a global variable named &quot;$global:DefaultSrmServers&quot; (if the NotDefault switch was not specified).

If you are already connected to a vCenter Server system, you can connect to its corresponding SRM server by passing that connection to the Server parameter (see Example 1). If you call Connect-SrmServer and do not specify which server to connect to, the cmdlet uses the default vSphere connections.

To connect to an SRM server without connecting its corresponding vCenter Server first, use the SrmServerAddress parameter.

An SRM deployment typically consists of two sites - a protected site and protecting site. Certain operations require that the session is logged to both sites. To create such a session, specify the RemoteCredential parameter. Some operations are valid for execution only at a protected or protecting site. For those cases, establish the session to that site by specifying the SRM server address at that site to the SrmServerAddress parameter or passing a connection to the vSphere server at that site to the Server parameter.

For more information about SRM API operations, see the SRM API reference guide installed with PowerCLI.</maml:para>
	</maml:description>
	<command:syntax>
		<command:syntaxItem>
			<maml:name>Connect-SrmServer</maml:name>
			<command:parameter required = "false" variableLength = "false" globbing = "false" pipelineInput = "false" position = "named" >
				<maml:name>User</maml:name>
				<maml:description>
					<maml:para>Specifies the user name that is used to log in to the SRM server.</maml:para>
				</maml:description>
			<command:parameterValue required="true" variableLength = "false" >String</command:parameterValue>
			</command:parameter>
			<command:parameter required = "false" variableLength = "false" globbing = "false" pipelineInput = "false" position = "named" >
				<maml:name>Password</maml:name>
				<maml:description>
					<maml:para>Specifies the password for the connection to the SRM server.</maml:para>
				</maml:description>
			<command:parameterValue required="true" variableLength = "false" >SecureString</command:parameterValue>
			</command:parameter>
			<command:parameter required = "false" variableLength = "false" globbing = "false" pipelineInput = "false" position = "named" >
				<maml:name>Port</maml:name>
				<maml:description>
					<maml:para>Specifies the port on the server you want to use for the connection. If not specified, a protocol-specific default value is used.</maml:para>
				</maml:description>
			<command:parameterValue required="true" variableLength = "false" >Int32</command:parameterValue>
			</command:parameter>
			<command:parameter required = "false" variableLength = "false" globbing = "false" pipelineInput = "false" position = "named" >
				<maml:name>Protocol</maml:name>
				<maml:description>
					<maml:para>Specifies the Internet protocol you want to use for the connection. It can be either HTTP or HTTPS. If not specified, HTTPS is used.</maml:para>
				</maml:description>
			<command:parameterValue required="true" variableLength = "false" >String</command:parameterValue>
			</command:parameter>
			<command:parameter required = "false" variableLength = "false" globbing = "false" pipelineInput = "false" position = "named" >
				<maml:name>Credential</maml:name>
				<maml:description>
					<maml:para>Specifies the credentials to be used to log in to the SRM server. This parameter is an alternative to the user/password pair of parameters.</maml:para>
				</maml:description>
			<command:parameterValue required="true" variableLength = "false" >PSCredential</command:parameterValue>
			</command:parameter>
			<command:parameter required = "false" variableLength = "false" globbing = "false" pipelineInput = "false" position = "named" >
				<maml:name>RemoteCredential</maml:name>
				<maml:description>
					<maml:para>Specifies the credentials for a remote SRM server.</maml:para>
				</maml:description>
			<command:parameterValue required="true" variableLength = "false" >PSCredential</command:parameterValue>
			</command:parameter>
			<command:parameter required = "false" variableLength = "false" globbing = "false" pipelineInput = "false" position = "named" >
				<maml:name>RemoteUser</maml:name>
				<maml:description>
					<maml:para>Specifies the user name that is used to log on in to the remote SRM server.</maml:para>
				</maml:description>
			<command:parameterValue required="true" variableLength = "false" >String</command:parameterValue>
			</command:parameter>
			<command:parameter required = "false" variableLength = "false" globbing = "false" pipelineInput = "false" position = "named" >
				<maml:name>RemotePassword</maml:name>
				<maml:description>
					<maml:para>Specifies the password for the connection to the remote SRM server.</maml:para>
				</maml:description>
			<command:parameterValue required="true" variableLength = "false" >SecureString</command:parameterValue>
			</command:parameter>
			<command:parameter required = "false" variableLength = "false" globbing = "false" pipelineInput = "false" position = "named" >
				<maml:name>NotDefault</maml:name>
				<maml:description>
					<maml:para>If specified, the resulting connection is not listed in the list of default connections to SRM servers and must be manually specified when used with a cmdlet.</maml:para>
				</maml:description>
			</command:parameter>
			<command:parameter required = "false" variableLength = "false" globbing = "false" pipelineInput = "false" position = "named" >
				<maml:name>IgnoreCertificateErrors</maml:name>
				<maml:description>
					<maml:para>If specified, any errors related to a bad server certificate of the SRM server are ignored.</maml:para>
				</maml:description>
			</command:parameter>
			<command:parameter required = "false" variableLength = "true" globbing = "true" pipelineInput = "true (ByValue)" position = "named" >
				<maml:name>Server</maml:name>
				<maml:description>
					<maml:para>Specifies the vCenter Server system that the SRM server is associated to. If no value is given to this parameter, the command runs on the default servers. For more information about default servers, see the description of Connect-VIServer.</maml:para>
				</maml:description>
			<command:parameterValue required="true" variableLength = "true" >VIServer[]</command:parameterValue>
			</command:parameter>
		</command:syntaxItem>
		<command:syntaxItem>
			<maml:name>Connect-SrmServer</maml:name>
			<command:parameter required = "false" variableLength = "false" globbing = "false" pipelineInput = "false" position = "named" >
				<maml:name>User</maml:name>
				<maml:description>
					<maml:para>Specifies the user name that is used to log in to the SRM server.</maml:para>
				</maml:description>
			<command:parameterValue required="true" variableLength = "false" >String</command:parameterValue>
			</command:parameter>
			<command:parameter required = "false" variableLength = "false" globbing = "false" pipelineInput = "false" position = "named" >
				<maml:name>Password</maml:name>
				<maml:description>
					<maml:para>Specifies the password for the connection to the SRM server.</maml:para>
				</maml:description>
			<command:parameterValue required="true" variableLength = "false" >SecureString</command:parameterValue>
			</command:parameter>
			<command:parameter required = "true" variableLength = "false" globbing = "false" pipelineInput = "false" position = "1" >
				<maml:name>SrmServerAddress</maml:name>
				<maml:description>
					<maml:para>Specifies the IP address or fully qualified domain name (FQDN) of the SRM server.</maml:para>
				</maml:description>
			<command:parameterValue required="true" variableLength = "false" >String</command:parameterValue>
			</command:parameter>
			<command:parameter required = "false" variableLength = "false" globbing = "false" pipelineInput = "false" position = "named" >
				<maml:name>Port</maml:name>
				<maml:description>
					<maml:para>Specifies the port on the server you want to use for the connection. If not specified, a protocol-specific default value is used.</maml:para>
				</maml:description>
			<command:parameterValue required="true" variableLength = "false" >Int32</command:parameterValue>
			</command:parameter>
			<command:parameter required = "false" variableLength = "false" globbing = "false" pipelineInput = "false" position = "named" >
				<maml:name>Protocol</maml:name>
				<maml:description>
					<maml:para>Specifies the Internet protocol you want to use for the connection. It can be either HTTP or HTTPS. If not specified, HTTPS is used.</maml:para>
				</maml:description>
			<command:parameterValue required="true" variableLength = "false" >String</command:parameterValue>
			</command:parameter>
			<command:parameter required = "false" variableLength = "false" globbing = "false" pipelineInput = "false" position = "named" >
				<maml:name>Credential</maml:name>
				<maml:description>
					<maml:para>Specifies the credentials to be used to log in to the SRM server. This parameter is an alternative to the user/password pair of parameters.</maml:para>
				</maml:description>
			<command:parameterValue required="true" variableLength = "false" >PSCredential</command:parameterValue>
			</command:parameter>
			<command:parameter required = "false" variableLength = "false" globbing = "false" pipelineInput = "false" position = "named" >
				<maml:name>RemoteCredential</maml:name>
				<maml:description>
					<maml:para>Specifies the credentials for a remote SRM server.</maml:para>
				</maml:description>
			<command:parameterValue required="true" variableLength = "false" >PSCredential</command:parameterValue>
			</command:parameter>
			<command:parameter required = "false" variableLength = "false" globbing = "false" pipelineInput = "false" position = "named" >
				<maml:name>RemoteUser</maml:name>
				<maml:description>
					<maml:para>Specifies the user name that is used to log on in to the remote SRM server.</maml:para>
				</maml:description>
			<command:parameterValue required="true" variableLength = "false" >String</command:parameterValue>
			</command:parameter>
			<command:parameter required = "false" variableLength = "false" globbing = "false" pipelineInput = "false" position = "named" >
				<maml:name>RemotePassword</maml:name>
				<maml:description>
					<maml:para>Specifies the password for the connection to the remote SRM server.</maml:para>
				</maml:description>
			<command:parameterValue required="true" variableLength = "false" >SecureString</command:parameterValue>
			</command:parameter>
			<command:parameter required = "false" variableLength = "false" globbing = "false" pipelineInput = "false" position = "named" >
				<maml:name>NotDefault</maml:name>
				<maml:description>
					<maml:para>If specified, the resulting connection is not listed in the list of default connections to SRM servers and must be manually specified when used with a cmdlet.</maml:para>
				</maml:description>
			</command:parameter>
			<command:parameter required = "false" variableLength = "false" globbing = "false" pipelineInput = "false" position = "named" >
				<maml:name>Locale</maml:name>
				<maml:description>
					<maml:para>If specified, defines the locale of the strings produced by the server for this connection.</maml:para>
				</maml:description>
			<command:parameterValue required="true" variableLength = "false" >String</command:parameterValue>
			</command:parameter>
			<command:parameter required = "false" variableLength = "false" globbing = "false" pipelineInput = "false" position = "named" >
				<maml:name>IgnoreCertificateErrors</maml:name>
				<maml:description>
					<maml:para>If specified, any errors related to a bad server certificate of the SRM server are ignored.</maml:para>
				</maml:description>
			</command:parameter>
		</command:syntaxItem>
	</command:syntax>
	<command:parameters>
		<command:parameter required="false" variableLength="false" globbing="false" pipelineInput="false" position="named">
			<maml:name>User</maml:name>
			<maml:description>
				<maml:para>Specifies the user name that is used to log in to the SRM server.</maml:para>
			</maml:description>
			<command:parameterValue required="true" variableLength="false">String</command:parameterValue>
			<dev:type>
				<maml:name>String</maml:name>
				<maml:uri/>
			</dev:type>
			<dev:defaultValue></dev:defaultValue>
		</command:parameter>
		<command:parameter required="false" variableLength="false" globbing="false" pipelineInput="false" position="named">
			<maml:name>Password</maml:name>
			<maml:description>
				<maml:para>Specifies the password for the connection to the SRM server.</maml:para>
			</maml:description>
			<command:parameterValue required="true" variableLength="false">SecureString</command:parameterValue>
			<dev:type>
				<maml:name>SecureString</maml:name>
				<maml:uri/>
			</dev:type>
			<dev:defaultValue></dev:defaultValue>
		</command:parameter>
		<command:parameter required="false" variableLength="false" globbing="false" pipelineInput="false" position="named">
			<maml:name>Port</maml:name>
			<maml:description>
				<maml:para>Specifies the port on the server you want to use for the connection. If not specified, a protocol-specific default value is used.</maml:para>
			</maml:description>
			<command:parameterValue required="true" variableLength="false">Int32</command:parameterValue>
			<dev:type>
				<maml:name>Int32</maml:name>
				<maml:uri/>
			</dev:type>
			<dev:defaultValue></dev:defaultValue>
		</command:parameter>
		<command:parameter required="false" variableLength="false" globbing="false" pipelineInput="false" position="named">
			<maml:name>Protocol</maml:name>
			<maml:description>
				<maml:para>Specifies the Internet protocol you want to use for the connection. It can be either HTTP or HTTPS. If not specified, HTTPS is used.</maml:para>
			</maml:description>
			<command:parameterValue required="true" variableLength="false">String</command:parameterValue>
			<dev:type>
				<maml:name>String</maml:name>
				<maml:uri/>
			</dev:type>
			<dev:defaultValue></dev:defaultValue>
		</command:parameter>
		<command:parameter required="false" variableLength="false" globbing="false" pipelineInput="false" position="named">
			<maml:name>Credential</maml:name>
			<maml:description>
				<maml:para>Specifies the credentials to be used to log in to the SRM server. This parameter is an alternative to the user/password pair of parameters.</maml:para>
			</maml:description>
			<command:parameterValue required="true" variableLength="false">PSCredential</command:parameterValue>
			<dev:type>
				<maml:name>PSCredential</maml:name>
				<maml:uri/>
			</dev:type>
			<dev:defaultValue></dev:defaultValue>
		</command:parameter>
		<command:parameter required="false" variableLength="false" globbing="false" pipelineInput="false" position="named">
			<maml:name>RemoteCredential</maml:name>
			<maml:description>
				<maml:para>Specifies the credentials for a remote SRM server.</maml:para>
			</maml:description>
			<command:parameterValue required="true" variableLength="false">PSCredential</command:parameterValue>
			<dev:type>
				<maml:name>PSCredential</maml:name>
				<maml:uri/>
			</dev:type>
			<dev:defaultValue></dev:defaultValue>
		</command:parameter>
		<command:parameter required="false" variableLength="false" globbing="false" pipelineInput="false" position="named">
			<maml:name>RemoteUser</maml:name>
			<maml:description>
				<maml:para>Specifies the user name that is used to log on in to the remote SRM server.</maml:para>
			</maml:description>
			<command:parameterValue required="true" variableLength="false">String</command:parameterValue>
			<dev:type>
				<maml:name>String</maml:name>
				<maml:uri/>
			</dev:type>
			<dev:defaultValue></dev:defaultValue>
		</command:parameter>
		<command:parameter required="false" variableLength="false" globbing="false" pipelineInput="false" position="named">
			<maml:name>RemotePassword</maml:name>
			<maml:description>
				<maml:para>Specifies the password for the connection to the remote SRM server.</maml:para>
			</maml:description>
			<command:parameterValue required="true" variableLength="false">SecureString</command:parameterValue>
			<dev:type>
				<maml:name>SecureString</maml:name>
				<maml:uri/>
			</dev:type>
			<dev:defaultValue></dev:defaultValue>
		</command:parameter>
		<command:parameter required="false" variableLength="false" globbing="false" pipelineInput="false" position="named">
			<maml:name>NotDefault</maml:name>
			<maml:description>
				<maml:para>If specified, the resulting connection is not listed in the list of default connections to SRM servers and must be manually specified when used with a cmdlet.</maml:para>
			</maml:description>
			<dev:type>
				<maml:name>SwitchParameter</maml:name>
				<maml:uri/>
			</dev:type>
			<dev:defaultValue></dev:defaultValue>
		</command:parameter>
		<command:parameter required="false" variableLength="false" globbing="false" pipelineInput="false" position="named">
			<maml:name>IgnoreCertificateErrors</maml:name>
			<maml:description>
				<maml:para>If specified, any errors related to a bad server certificate of the SRM server are ignored.</maml:para>
			</maml:description>
			<dev:type>
				<maml:name>SwitchParameter</maml:name>
				<maml:uri/>
			</dev:type>
			<dev:defaultValue></dev:defaultValue>
		</command:parameter>
		<command:parameter required="false" variableLength="true" globbing="true" pipelineInput="true (ByValue)" position="named">
			<maml:name>Server</maml:name>
			<maml:description>
				<maml:para>Specifies the vCenter Server system that the SRM server is associated to. If no value is given to this parameter, the command runs on the default servers. For more information about default servers, see the description of Connect-VIServer.</maml:para>
			</maml:description>
			<command:parameterValue required="true" variableLength="true">VIServer[]</command:parameterValue>
			<dev:type>
				<maml:name>VIServer[]</maml:name>
				<maml:uri/>
			</dev:type>
			<dev:defaultValue></dev:defaultValue>
		</command:parameter>
		<command:parameter required="true" variableLength="false" globbing="false" pipelineInput="false" position="1">
			<maml:name>SrmServerAddress</maml:name>
			<maml:description>
				<maml:para>Specifies the IP address or fully qualified domain name (FQDN) of the SRM server.</maml:para>
			</maml:description>
			<command:parameterValue required="true" variableLength="false">String</command:parameterValue>
			<dev:type>
				<maml:name>String</maml:name>
				<maml:uri/>
			</dev:type>
			<dev:defaultValue></dev:defaultValue>
		</command:parameter>
		<command:parameter required="false" variableLength="false" globbing="false" pipelineInput="false" position="named">
			<maml:name>Locale</maml:name>
			<maml:description>
				<maml:para>If specified, defines the locale of the strings produced by the server for this connection.</maml:para>
			</maml:description>
			<command:parameterValue required="true" variableLength="false">String</command:parameterValue>
			<dev:type>
				<maml:name>String</maml:name>
				<maml:uri/>
			</dev:type>
			<dev:defaultValue></dev:defaultValue>
		</command:parameter>
	</command:parameters>
	<command:inputTypes>
		<command:inputType>
			<dev:type>
				<maml:name></maml:name>
				<maml:uri/>
				<maml:description>
					<maml:para></maml:para>
				</maml:description>
			</dev:type>
			<maml:description></maml:description>
		</command:inputType>
	</command:inputTypes>
	<command:returnValues>
		<command:returnValue>
			<dev:type>
				<maml:name>SrmServer</maml:name>
				<maml:uri />
				<maml:description>
					<maml:para></maml:para>
				</maml:description>
			</dev:type>
			<maml:description></maml:description>
		</command:returnValue>
	</command:returnValues>
	<command:terminatingErrors>
	</command:terminatingErrors>
	<command:nonTerminatingErrors>
	</command:nonTerminatingErrors>
	<maml:alertSet>
		<maml:title></maml:title>
		<maml:alert>
			<maml:para></maml:para>
		</maml:alert>
	</maml:alertSet>
	<command:examples>
		<command:example>
			<maml:title>
--------------  Example 1 --------------			</maml:title>
			<maml:introduction>
				<maml:para>C:\PS&gt;</maml:para>
C:\PS&gt;			</maml:introduction>
  			<dev:code>Connect-VIServer &quot;myVCServerIp&quot; -User &quot;myUser&quot; -Password &quot;myPassword&quot;
Connect-SrmServer</dev:code>
  			<dev:remarks>
				<maml:para>Connects to a vCenter Server system, that has an SRM server associated with it. Then, invokes the cmdlet without specifying any parameters to establish a connection to the SRM server registered with the connected vCenter Server system. If you have previously connected to other vCenter Server systems configured with SRM server support, this cmdlet invocation will establish a connection to their corresponding SRM servers as well.</maml:para>
				<maml:para></maml:para>
				<maml:para></maml:para>
				<maml:para>
				</maml:para>
				<maml:para></maml:para>
  			</dev:remarks>
			<command:commandLines>
				<command:commandLine>
					<command:commandText>
					</command:commandText>
				</command:commandLine>
			</command:commandLines>
		</command:example>
		<command:example>
			<maml:title>
--------------  Example 2 --------------			</maml:title>
			<maml:introduction>
				<maml:para>C:\PS&gt;</maml:para>
C:\PS&gt;			</maml:introduction>
  			<dev:code>Connect-SrmServer -SrmServerAddress 192.0.2.1 -User &quot;myUser&quot; -Password &quot;myPassword&quot;</dev:code>
  			<dev:remarks>
				<maml:para>Connects to an SRM server with an IP address of 192.0.2.1 by passing a valid user name and password.</maml:para>
				<maml:para></maml:para>
				<maml:para></maml:para>
				<maml:para>
				</maml:para>
				<maml:para></maml:para>
  			</dev:remarks>
			<command:commandLines>
				<command:commandLine>
					<command:commandText>
					</command:commandText>
				</command:commandLine>
			</command:commandLines>
		</command:example>
		<command:example>
			<maml:title>
--------------  Example 3 --------------			</maml:title>
			<maml:introduction>
				<maml:para>C:\PS&gt;</maml:para>
C:\PS&gt;			</maml:introduction>
  			<dev:code>Connect-VIServer &quot;myVCServerIp&quot; -User &quot;myUser&quot; -Password &quot;myPassword&quot;
Connect-SrmServer -RemoteCredential $myRemoteCredential</dev:code>
  			<dev:remarks>
				<maml:para>Connects to a vCenter Server system associated with an SRM server. Then, establishes a connection to that SRM server by passing valid credentials for connection to the remote SRM server.</maml:para>
				<maml:para></maml:para>
				<maml:para></maml:para>
				<maml:para>
				</maml:para>
				<maml:para></maml:para>
  			</dev:remarks>
			<command:commandLines>
				<command:commandLine>
					<command:commandText>
					</command:commandText>
				</command:commandLine>
			</command:commandLines>
		</command:example>
		<command:example>
			<maml:title>
--------------  Example 4 --------------			</maml:title>
			<maml:introduction>
				<maml:para>C:\PS&gt;</maml:para>
C:\PS&gt;			</maml:introduction>
  			<dev:code>Connect-VIServer &quot;myVCServerIp&quot; -User &quot;myUser&quot; -Password &quot;myPassword&quot;
Connect-SrmServer -NotDefault -IgnoreCertificateErrors</dev:code>
  			<dev:remarks>
				<maml:para>Connects to a vCenter Server system, that has an associated SRM server. Then, establishes an SRM server connection by ignoring any errors related to bad server certificates. The newly created SRM server connection is not added to the default list of SRM server connections.</maml:para>
				<maml:para></maml:para>
				<maml:para></maml:para>
				<maml:para>
				</maml:para>
				<maml:para></maml:para>
  			</dev:remarks>
			<command:commandLines>
				<command:commandLine>
					<command:commandText>
					</command:commandText>
				</command:commandLine>
			</command:commandLines>
		</command:example>
	</command:examples>
	<maml:relatedLinks>
		<maml:navigationLink>
			<maml:linkText>Online version:</maml:linkText>
			<maml:uri>https://code.vmware.com/doc/preview?id=6330#/doc/Connect-SrmServer.html</maml:uri>
		</maml:navigationLink>
		<maml:navigationLink>
			<maml:linkText>Disconnect-SrmServer</maml:linkText>
			<maml:uri></maml:uri>
		</maml:navigationLink>
	</maml:relatedLinks>
</command:command>
<command:command xmlns:maml="http://schemas.microsoft.com/maml/2004/10" xmlns:command="http://schemas.microsoft.com/maml/dev/command/2004/10" xmlns:dev="http://schemas.microsoft.com/maml/dev/2004/10">
	<command:details>
		<command:name>Disconnect-SrmServer</command:name>
		<maml:description>
			<maml:para>This cmdlet closes the connection to one or more vCenter Site Recovery Manager (SRM) servers.</maml:para>
		</maml:description>
		<maml:copyright>
           <maml:para />
		<!--Add copy right info here.-->
		</maml:copyright>
		<command:verb>Disconnect</command:verb>
		<command:noun>SrmServer</command:noun>
		<!--Add Dev version info here.-->
		<dev:version />
	</command:details>
	<maml:description>
	<!--This is the Description section-->
		<maml:para>This cmdlet logs out and closes the connection to one or more SRM servers. In PowerCLI, you can have multiple connections to a server. In order to disconnect from a server, you must close all active connections to it. By default, Disconnect-SrmServer closes only the last connection to the specified server. To close all active connections to a server, use the Force parameter or run the cmdlet for each connection.</maml:para>
	</maml:description>
	<command:syntax>
		<command:syntaxItem>
			<maml:name>Disconnect-SrmServer</maml:name>
			<command:parameter required = "false" variableLength = "true" globbing = "true" pipelineInput = "true (ByValue)" position = "1" >
				<maml:name>Server</maml:name>
				<maml:description>
					<maml:para>Specifies the SRM servers you want to disconnect from.</maml:para>
				</maml:description>
			<command:parameterValue required="true" variableLength = "true" >SrmServer[]</command:parameterValue>
			</command:parameter>
			<command:parameter required = "false" variableLength = "false" globbing = "false" pipelineInput = "false" position = "named" >
				<maml:name>Force</maml:name>
				<maml:description>
					<maml:para>Indicates that you want to close all active connections to the specified SRM server and disconnect from it. If the value is $false, the cmdlet closes only the last connection to the specified server and you must run Disconnect-SrmServer for each active connection to this server in order to disconnect from it.</maml:para>
				</maml:description>
			</command:parameter>
			<command:parameter required = "false" variableLength = "false" globbing = "false" pipelineInput = "false" position = "named" >
				<maml:name>WhatIf</maml:name>
				<maml:description>
					<maml:para>Indicates that the cmdlet is run only to display the changes that would be made and actually no objects are modified.</maml:para>
				</maml:description>
			</command:parameter>
			<command:parameter required = "false" variableLength = "false" globbing = "false" pipelineInput = "false" position = "named" >
				<maml:name>Confirm</maml:name>
				<maml:description>
					<maml:para>If the value is $true, indicates that the cmdlet asks for confirmation before running. If the value is $false, the cmdlet runs without asking for user confirmation.</maml:para>
				</maml:description>
			</command:parameter>
		</command:syntaxItem>
	</command:syntax>
	<command:parameters>
		<command:parameter required="false" variableLength="true" globbing="true" pipelineInput="true (ByValue)" position="1">
			<maml:name>Server</maml:name>
			<maml:description>
				<maml:para>Specifies the SRM servers you want to disconnect from.</maml:para>
			</maml:description>
			<command:parameterValue required="true" variableLength="true">SrmServer[]</command:parameterValue>
			<dev:type>
				<maml:name>SrmServer[]</maml:name>
				<maml:uri/>
			</dev:type>
			<dev:defaultValue></dev:defaultValue>
		</command:parameter>
		<command:parameter required="false" variableLength="false" globbing="false" pipelineInput="false" position="named">
			<maml:name>Force</maml:name>
			<maml:description>
				<maml:para>Indicates that you want to close all active connections to the specified SRM server and disconnect from it. If the value is $false, the cmdlet closes only the last connection to the specified server and you must run Disconnect-SrmServer for each active connection to this server in order to disconnect from it.</maml:para>
			</maml:description>
			<dev:type>
				<maml:name>SwitchParameter</maml:name>
				<maml:uri/>
			</dev:type>
			<dev:defaultValue></dev:defaultValue>
		</command:parameter>
		<command:parameter required="false" variableLength="false" globbing="false" pipelineInput="false" position="named">
			<maml:name>WhatIf</maml:name>
			<maml:description>
				<maml:para>Indicates that the cmdlet is run only to display the changes that would be made and actually no objects are modified.</maml:para>
			</maml:description>
			<dev:type>
				<maml:name>SwitchParameter</maml:name>
				<maml:uri/>
			</dev:type>
			<dev:defaultValue></dev:defaultValue>
		</command:parameter>
		<command:parameter required="false" variableLength="false" globbing="false" pipelineInput="false" position="named">
			<maml:name>Confirm</maml:name>
			<maml:description>
				<maml:para>If the value is $true, indicates that the cmdlet asks for confirmation before running. If the value is $false, the cmdlet runs without asking for user confirmation.</maml:para>
			</maml:description>
			<dev:type>
				<maml:name>SwitchParameter</maml:name>
				<maml:uri/>
			</dev:type>
			<dev:defaultValue>$true</dev:defaultValue>
		</command:parameter>
	</command:parameters>
	<command:inputTypes>
		<command:inputType>
			<dev:type>
				<maml:name></maml:name>
				<maml:uri/>
				<maml:description>
					<maml:para></maml:para>
				</maml:description>
			</dev:type>
			<maml:description></maml:description>
		</command:inputType>
	</command:inputTypes>
	<command:returnValues>
		<command:returnValue>
			<dev:type>
				<maml:name>None</maml:name>
				<maml:uri />
				<maml:description>
					<maml:para></maml:para>
				</maml:description>
			</dev:type>
			<maml:description></maml:description>
		</command:returnValue>
	</command:returnValues>
	<command:terminatingErrors>
	</command:terminatingErrors>
	<command:nonTerminatingErrors>
	</command:nonTerminatingErrors>
	<maml:alertSet>
		<maml:title></maml:title>
		<maml:alert>
			<maml:para></maml:para>
		</maml:alert>
	</maml:alertSet>
	<command:examples>
		<command:example>
			<maml:title>
--------------  Example 1 --------------			</maml:title>
			<maml:introduction>
				<maml:para>C:\PS&gt;</maml:para>
C:\PS&gt;			</maml:introduction>
  			<dev:code>Disconnect-SrmServer -Server &#39;*&#39; -Force</dev:code>
  			<dev:remarks>
				<maml:para>Disconnects all SRM server connections.</maml:para>
				<maml:para></maml:para>
				<maml:para></maml:para>
				<maml:para>
				</maml:para>
				<maml:para></maml:para>
  			</dev:remarks>
			<command:commandLines>
				<command:commandLine>
					<command:commandText>
					</command:commandText>
				</command:commandLine>
			</command:commandLines>
		</command:example>
		<command:example>
			<maml:title>
--------------  Example 2 --------------			</maml:title>
			<maml:introduction>
				<maml:para>C:\PS&gt;</maml:para>
C:\PS&gt;			</maml:introduction>
  			<dev:code>$srmServer = Connect-SrmServer -SrmServerAddress &quot;mySrmServerIp&quot; -User &quot;mySrmUSer&quot; -Password &quot;mySrmPassword&quot;
Disconnect-SrmServer -Server $srmServer</dev:code>
  			<dev:remarks>
				<maml:para>Connects to a specified SRM server by passing the local site credentials for login and then invokes the cmdlet to disconnect from the that server.</maml:para>
				<maml:para></maml:para>
				<maml:para></maml:para>
				<maml:para>
				</maml:para>
				<maml:para></maml:para>
  			</dev:remarks>
			<command:commandLines>
				<command:commandLine>
					<command:commandText>
					</command:commandText>
				</command:commandLine>
			</command:commandLines>
		</command:example>
		<command:example>
			<maml:title>
--------------  Example 3 --------------			</maml:title>
			<maml:introduction>
				<maml:para>C:\PS&gt;</maml:para>
C:\PS&gt;			</maml:introduction>
  			<dev:code>Disconnect-SrmServer -Server $global:DefaultSrmServers -Force</dev:code>
  			<dev:remarks>
				<maml:para>Logs out and closes all connections to the SRM servers included in the default list of connections established to SRM servers.</maml:para>
				<maml:para></maml:para>
				<maml:para></maml:para>
				<maml:para>
				</maml:para>
				<maml:para></maml:para>
  			</dev:remarks>
			<command:commandLines>
				<command:commandLine>
					<command:commandText>
					</command:commandText>
				</command:commandLine>
			</command:commandLines>
		</command:example>
	</command:examples>
	<maml:relatedLinks>
		<maml:navigationLink>
			<maml:linkText>Online version:</maml:linkText>
			<maml:uri>https://code.vmware.com/doc/preview?id=6330#/doc/Disconnect-SrmServer.html</maml:uri>
		</maml:navigationLink>
		<maml:navigationLink>
			<maml:linkText>Connect-SrmServer</maml:linkText>
			<maml:uri></maml:uri>
		</maml:navigationLink>
	</maml:relatedLinks>
</command:command>
</helpItems>


