<ComponentDescriptor>
  <Name>VMware.VimAutomation.PCloud.Commands</Name>
  <Assembly>VMware.VimAutomation.PCloud.Commands</Assembly>
  <ImplementingType>VMware.VimAutomation.PCloud.Commands.PICmdletsComponentImpl</ImplementingType>
  <IsSnapin>true</IsSnapin>
  <ProvidedServiceList>
  </ProvidedServiceList>
  <RequiredServiceList>
    <ServiceDescriptor>
      <Name>PICoreService</Name>
      <Version>1.0</Version>
    </ServiceDescriptor>
  </RequiredServiceList>
  <ExtendedServiceList>
  </ExtendedServiceList>
  <Version>
    <Major>10</Major>
    <Minor>0</Minor>
    <Revision>0</Revision>
    <Build>7893924</Build>
    <Company>VMware Inc.</Company>
    <Copyright>Copyright 2014</Copyright>
    <UserFriendlyVersion>VMware VimAutomation PCloud PowerCLI Component PowerCLI Component 10.0 build 7893924</UserFriendlyVersion>
    <Description>Provides cmdlets for managing VMware vCloud Air.</Description>
  </Version>
</ComponentDescriptor>