<?xml version="1.0" encoding="utf-8"?>
<helpItems xmlns="http://msh" schema="maml">
<command:command xmlns:maml="http://schemas.microsoft.com/maml/2004/10" xmlns:command="http://schemas.microsoft.com/maml/dev/command/2004/10" xmlns:dev="http://schemas.microsoft.com/maml/dev/2004/10">
	<command:details>
		<command:name>Connect-PIServer</command:name>
		<maml:description>
			<maml:para>This cmdlet establishes a connection to a vCloud Air server.</maml:para>
		</maml:description>
		<maml:copyright>
           <maml:para />
		<!--Add copy right info here.-->
		</maml:copyright>
		<command:verb>Connect</command:verb>
		<command:noun>PIServer</command:noun>
		<!--Add Dev version info here.-->
		<dev:version />
	</command:details>
	<maml:description>
	<!--This is the Description section-->
		<maml:para>This cmdlet establishes a connection to the default vCloud Air server (vchs.vmware.com or vca.vmware.com) or the server specified by the -Server parameter.

The connect and disconnect operations for a server are using a reference counting mechanism. Every server is identified by its connection string which contains server and user name. If there is already an existing connection to the server for a specific user name, a new connection is not established. Instead, the cmdlet returns the object which represents the existing connection. The RefCount property of the object is incremented by one. Note that the returned object is the same as the one previously returned. Therefore, the RefCount of the previously returned object will be updated as well. When a server is disconnected, then its RefCount property is decreased by one. If this number becomes equal to zero, then the server is disconnected.

PowerCLI for vCloud Air supports a list of default servers. When an operation is performed, if the target servers cannot be determined from the specified parameters, the cmdlet runs against the servers in the default server list. They are kept in a global variable called $DefaultPIServers. It is of an array type and its initial value is an empty array. When you connect to a server, the server is added at the beginning of the array, unless -NotDefault parameter is specified. When you disconnect from a server, the server is removed from the $DefaultPIServers variable. When all servers are removed from the variable its value is an empty array. You can modify the value of the $DefaultPIServers variable manually.</maml:para>
	</maml:description>
	<command:syntax>
		<command:syntaxItem>
			<maml:name>Connect-PIServer</maml:name>
			<command:parameter required = "false" variableLength = "true" globbing = "false" pipelineInput = "false" position = "named" >
				<maml:name>Server</maml:name>
				<maml:description>
					<maml:para>Specifies the IP or DNS addresses of the vCloud Air servers you want to connect to. If not specified, the default server address is used.</maml:para>
				</maml:description>
			<command:parameterValue required="true" variableLength = "true" >String[]</command:parameterValue>
			</command:parameter>
			<command:parameter required = "false" variableLength = "false" globbing = "false" pipelineInput = "false" position = "named" >
				<maml:name>Credential</maml:name>
				<maml:description>
					<maml:para>Specifies a PSCredential object that contains credentials for authenticating with the server. For more information about the server authentication logic of PowerCLI, run &quot;help about_server_authentication&quot;.</maml:para>
				</maml:description>
			<command:parameterValue required="true" variableLength = "false" >PSCredential</command:parameterValue>
			</command:parameter>
			<command:parameter required = "false" variableLength = "false" globbing = "false" pipelineInput = "false" position = "named" >
				<maml:name>User</maml:name>
				<maml:description>
					<maml:para>Specifies the user name you want to use for authenticating with the server. If the Credential parameter is also specified, this parameter is ignored. For more information about the server authentication logic of PowerCLI, run &quot;help about_server_authentication&quot;.

Note: If the user name contains special characters, enclose the entire string in single quotes (&#39;).</maml:para>
				</maml:description>
			<command:parameterValue required="true" variableLength = "false" >String</command:parameterValue>
			</command:parameter>
			<command:parameter required = "false" variableLength = "false" globbing = "false" pipelineInput = "false" position = "named" >
				<maml:name>Password</maml:name>
				<maml:description>
					<maml:para>Specifies the password you want to use for authenticating with the server. If the Credential parameter is also specified, this parameter is ignored. For more information about the server authentication logic of PowerCLI, run &quot;help about_server_authentication&quot;.

Note: If the password contains special characters, enclose the entire string in single quotes (&#39;).</maml:para>
				</maml:description>
			<command:parameterValue required="true" variableLength = "false" >String</command:parameterValue>
			</command:parameter>
			<command:parameter required = "false" variableLength = "false" globbing = "false" pipelineInput = "false" position = "named" >
				<maml:name>NotDefault</maml:name>
				<maml:description>
					<maml:para>Specifies that you do not want to save the specified servers as default servers.</maml:para>
				</maml:description>
			</command:parameter>
			<command:parameter required = "false" variableLength = "false" globbing = "false" pipelineInput = "false" position = "named" >
				<maml:name>SaveCredentials</maml:name>
				<maml:description>
					<maml:para>Indicates that you want to save the specified credentials in the local credential store.</maml:para>
				</maml:description>
			</command:parameter>
			<command:parameter required = "false" variableLength = "false" globbing = "false" pipelineInput = "false" position = "named" >
				<maml:name>VCA</maml:name>
				<maml:description>
					<maml:para>If specified, a connection to the vCloud Air platform (vca.vmware.com) is established. If not specified, a connection to the vCloud Hybrid Service platform (vchs.vmware.com) is established.</maml:para>
				</maml:description>
			</command:parameter>
		</command:syntaxItem>
	</command:syntax>
	<command:parameters>
		<command:parameter required="false" variableLength="true" globbing="false" pipelineInput="false" position="named">
			<maml:name>Server</maml:name>
			<maml:description>
				<maml:para>Specifies the IP or DNS addresses of the vCloud Air servers you want to connect to. If not specified, the default server address is used.</maml:para>
			</maml:description>
			<command:parameterValue required="true" variableLength="true">String[]</command:parameterValue>
			<dev:type>
				<maml:name>String[]</maml:name>
				<maml:uri/>
			</dev:type>
			<dev:defaultValue></dev:defaultValue>
		</command:parameter>
		<command:parameter required="false" variableLength="false" globbing="false" pipelineInput="false" position="named">
			<maml:name>Credential</maml:name>
			<maml:description>
				<maml:para>Specifies a PSCredential object that contains credentials for authenticating with the server. For more information about the server authentication logic of PowerCLI, run &quot;help about_server_authentication&quot;.</maml:para>
			</maml:description>
			<command:parameterValue required="true" variableLength="false">PSCredential</command:parameterValue>
			<dev:type>
				<maml:name>PSCredential</maml:name>
				<maml:uri/>
			</dev:type>
			<dev:defaultValue></dev:defaultValue>
		</command:parameter>
		<command:parameter required="false" variableLength="false" globbing="false" pipelineInput="false" position="named">
			<maml:name>User</maml:name>
			<maml:description>
				<maml:para>Specifies the user name you want to use for authenticating with the server. If the Credential parameter is also specified, this parameter is ignored. For more information about the server authentication logic of PowerCLI, run &quot;help about_server_authentication&quot;.

Note: If the user name contains special characters, enclose the entire string in single quotes (&#39;).</maml:para>
			</maml:description>
			<command:parameterValue required="true" variableLength="false">String</command:parameterValue>
			<dev:type>
				<maml:name>String</maml:name>
				<maml:uri/>
			</dev:type>
			<dev:defaultValue></dev:defaultValue>
		</command:parameter>
		<command:parameter required="false" variableLength="false" globbing="false" pipelineInput="false" position="named">
			<maml:name>Password</maml:name>
			<maml:description>
				<maml:para>Specifies the password you want to use for authenticating with the server. If the Credential parameter is also specified, this parameter is ignored. For more information about the server authentication logic of PowerCLI, run &quot;help about_server_authentication&quot;.

Note: If the password contains special characters, enclose the entire string in single quotes (&#39;).</maml:para>
			</maml:description>
			<command:parameterValue required="true" variableLength="false">String</command:parameterValue>
			<dev:type>
				<maml:name>String</maml:name>
				<maml:uri/>
			</dev:type>
			<dev:defaultValue></dev:defaultValue>
		</command:parameter>
		<command:parameter required="false" variableLength="false" globbing="false" pipelineInput="false" position="named">
			<maml:name>NotDefault</maml:name>
			<maml:description>
				<maml:para>Specifies that you do not want to save the specified servers as default servers.</maml:para>
			</maml:description>
			<dev:type>
				<maml:name>SwitchParameter</maml:name>
				<maml:uri/>
			</dev:type>
			<dev:defaultValue></dev:defaultValue>
		</command:parameter>
		<command:parameter required="false" variableLength="false" globbing="false" pipelineInput="false" position="named">
			<maml:name>SaveCredentials</maml:name>
			<maml:description>
				<maml:para>Indicates that you want to save the specified credentials in the local credential store.</maml:para>
			</maml:description>
			<dev:type>
				<maml:name>SwitchParameter</maml:name>
				<maml:uri/>
			</dev:type>
			<dev:defaultValue></dev:defaultValue>
		</command:parameter>
		<command:parameter required="false" variableLength="false" globbing="false" pipelineInput="false" position="named">
			<maml:name>VCA</maml:name>
			<maml:description>
				<maml:para>If specified, a connection to the vCloud Air platform (vca.vmware.com) is established. If not specified, a connection to the vCloud Hybrid Service platform (vchs.vmware.com) is established.</maml:para>
			</maml:description>
			<dev:type>
				<maml:name>SwitchParameter</maml:name>
				<maml:uri/>
			</dev:type>
			<dev:defaultValue></dev:defaultValue>
		</command:parameter>
	</command:parameters>
	<command:inputTypes>
		<command:inputType>
			<dev:type>
				<maml:name></maml:name>
				<maml:uri/>
				<maml:description>
					<maml:para></maml:para>
				</maml:description>
			</dev:type>
			<maml:description></maml:description>
		</command:inputType>
	</command:inputTypes>
	<command:returnValues>
		<command:returnValue>
			<dev:type>
				<maml:name>VMware.VimAutomation.PCloud.Types.V1.PIServer</maml:name>
				<maml:uri />
				<maml:description>
					<maml:para></maml:para>
				</maml:description>
			</dev:type>
			<maml:description></maml:description>
		</command:returnValue>
	</command:returnValues>
	<command:terminatingErrors>
	</command:terminatingErrors>
	<command:nonTerminatingErrors>
	</command:nonTerminatingErrors>
	<maml:alertSet>
		<maml:title></maml:title>
		<maml:alert>
			<maml:para></maml:para>
		</maml:alert>
	</maml:alertSet>
	<command:examples>
		<command:example>
			<maml:title>
--------------  Example 1 --------------			</maml:title>
			<maml:introduction>
				<maml:para>C:\PS&gt;</maml:para>
C:\PS&gt;			</maml:introduction>
  			<dev:code>Connect-PIServer -User &#39;user@mail.com&#39; -Password &#39;user_password&#39;</dev:code>
  			<dev:remarks>
				<maml:para>Connects to the vCloud Hybrid Service (vCHS) platform by providing a user name and password.</maml:para>
				<maml:para></maml:para>
				<maml:para></maml:para>
				<maml:para>
				</maml:para>
				<maml:para></maml:para>
  			</dev:remarks>
			<command:commandLines>
				<command:commandLine>
					<command:commandText>
					</command:commandText>
				</command:commandLine>
			</command:commandLines>
		</command:example>
		<command:example>
			<maml:title>
--------------  Example 2 --------------			</maml:title>
			<maml:introduction>
				<maml:para>C:\PS&gt;</maml:para>
C:\PS&gt;			</maml:introduction>
  			<dev:code>Connect-PIServer -VCA -User &#39;user@mail.com&#39; -Password &#39;user_password&#39;</dev:code>
  			<dev:remarks>
				<maml:para>Connects to the vCloud Air platform by providing a user name and password.</maml:para>
				<maml:para></maml:para>
				<maml:para></maml:para>
				<maml:para>
				</maml:para>
				<maml:para></maml:para>
  			</dev:remarks>
			<command:commandLines>
				<command:commandLine>
					<command:commandText>
					</command:commandText>
				</command:commandLine>
			</command:commandLines>
		</command:example>
	</command:examples>
	<maml:relatedLinks>
		<maml:navigationLink>
			<maml:linkText>Online version:</maml:linkText>
			<maml:uri>https://code.vmware.com/doc/preview?id=6330#/doc/Connect-PIServer.html</maml:uri>
		</maml:navigationLink>
		<maml:navigationLink>
			<maml:linkText>Disconnect-PIServer</maml:linkText>
			<maml:uri></maml:uri>
		</maml:navigationLink>
	</maml:relatedLinks>
</command:command>
<command:command xmlns:maml="http://schemas.microsoft.com/maml/2004/10" xmlns:command="http://schemas.microsoft.com/maml/dev/command/2004/10" xmlns:dev="http://schemas.microsoft.com/maml/dev/2004/10">
	<command:details>
		<command:name>Disconnect-PIServer</command:name>
		<maml:description>
			<maml:para>This cmdlet closes the connection to a vCloud Air server.</maml:para>
		</maml:description>
		<maml:copyright>
           <maml:para />
		<!--Add copy right info here.-->
		</maml:copyright>
		<command:verb>Disconnect</command:verb>
		<command:noun>PIServer</command:noun>
		<!--Add Dev version info here.-->
		<dev:version />
	</command:details>
	<maml:description>
	<!--This is the Description section-->
		<maml:para>This cmdlet closes the connection to the vCloud Air servers specified by the -Server and -User parameters.

When no servers and no user name are specified, and if there is only one connected server in $DefaultPIServers variable, this server is disconnected. If there is no connected server, the cmdlet throws a terminating error.
When no servers are specified and a user name is specified, the cmdlet tries to find a connection to the vCloud Air server with this user name and if found, disconnects it. If no such connection is found, the cmdlet throws a terminating error.

This functionality is using the reference counting mechanism. For more information about the mechanism, see Connect-PIServer.

When there are no more active connections to the server it gets disconnected and then it is removed from the $DefaultPIServers variable. For more information about this variable, see Connect-PIServer.

If -Force is specified, the server is disconnected even if there is more than one connection to it.</maml:para>
	</maml:description>
	<command:syntax>
		<command:syntaxItem>
			<maml:name>Disconnect-PIServer</maml:name>
			<command:parameter required = "false" variableLength = "true" globbing = "true" pipelineInput = "true (ByValue)" position = "1" >
				<maml:name>Server</maml:name>
				<maml:description>
					<maml:para>Specifies the vCloud Air servers you want to disconnect from.</maml:para>
				</maml:description>
			<command:parameterValue required="true" variableLength = "true" >PIServer[]</command:parameterValue>
			</command:parameter>
			<command:parameter required = "false" variableLength = "true" globbing = "false" pipelineInput = "false" position = "named" >
				<maml:name>User</maml:name>
				<maml:description>
					<maml:para>Specifies the user you want to disconnect from vCloud Air servers.</maml:para>
				</maml:description>
			<command:parameterValue required="true" variableLength = "true" >String[]</command:parameterValue>
			</command:parameter>
			<command:parameter required = "false" variableLength = "false" globbing = "false" pipelineInput = "false" position = "named" >
				<maml:name>Force</maml:name>
				<maml:description>
					<maml:para>Specifies that you want to remove all existing connections to the specified servers.</maml:para>
				</maml:description>
			</command:parameter>
			<command:parameter required = "false" variableLength = "false" globbing = "false" pipelineInput = "false" position = "named" >
				<maml:name>WhatIf</maml:name>
				<maml:description>
					<maml:para>Indicates that the cmdlet is run only to display the changes that would be made and actually no objects are modified.</maml:para>
				</maml:description>
			</command:parameter>
			<command:parameter required = "false" variableLength = "false" globbing = "false" pipelineInput = "false" position = "named" >
				<maml:name>Confirm</maml:name>
				<maml:description>
					<maml:para>If the value is $true, indicates that the cmdlet asks for confirmation before running. If the value is $false, the cmdlet runs without asking for user confirmation.</maml:para>
				</maml:description>
			</command:parameter>
		</command:syntaxItem>
	</command:syntax>
	<command:parameters>
		<command:parameter required="false" variableLength="true" globbing="true" pipelineInput="true (ByValue)" position="1">
			<maml:name>Server</maml:name>
			<maml:description>
				<maml:para>Specifies the vCloud Air servers you want to disconnect from.</maml:para>
			</maml:description>
			<command:parameterValue required="true" variableLength="true">PIServer[]</command:parameterValue>
			<dev:type>
				<maml:name>PIServer[]</maml:name>
				<maml:uri/>
			</dev:type>
			<dev:defaultValue></dev:defaultValue>
		</command:parameter>
		<command:parameter required="false" variableLength="true" globbing="false" pipelineInput="false" position="named">
			<maml:name>User</maml:name>
			<maml:description>
				<maml:para>Specifies the user you want to disconnect from vCloud Air servers.</maml:para>
			</maml:description>
			<command:parameterValue required="true" variableLength="true">String[]</command:parameterValue>
			<dev:type>
				<maml:name>String[]</maml:name>
				<maml:uri/>
			</dev:type>
			<dev:defaultValue></dev:defaultValue>
		</command:parameter>
		<command:parameter required="false" variableLength="false" globbing="false" pipelineInput="false" position="named">
			<maml:name>Force</maml:name>
			<maml:description>
				<maml:para>Specifies that you want to remove all existing connections to the specified servers.</maml:para>
			</maml:description>
			<dev:type>
				<maml:name>SwitchParameter</maml:name>
				<maml:uri/>
			</dev:type>
			<dev:defaultValue></dev:defaultValue>
		</command:parameter>
		<command:parameter required="false" variableLength="false" globbing="false" pipelineInput="false" position="named">
			<maml:name>WhatIf</maml:name>
			<maml:description>
				<maml:para>Indicates that the cmdlet is run only to display the changes that would be made and actually no objects are modified.</maml:para>
			</maml:description>
			<dev:type>
				<maml:name>SwitchParameter</maml:name>
				<maml:uri/>
			</dev:type>
			<dev:defaultValue></dev:defaultValue>
		</command:parameter>
		<command:parameter required="false" variableLength="false" globbing="false" pipelineInput="false" position="named">
			<maml:name>Confirm</maml:name>
			<maml:description>
				<maml:para>If the value is $true, indicates that the cmdlet asks for confirmation before running. If the value is $false, the cmdlet runs without asking for user confirmation.</maml:para>
			</maml:description>
			<dev:type>
				<maml:name>SwitchParameter</maml:name>
				<maml:uri/>
			</dev:type>
			<dev:defaultValue></dev:defaultValue>
		</command:parameter>
	</command:parameters>
	<command:inputTypes>
		<command:inputType>
			<dev:type>
				<maml:name></maml:name>
				<maml:uri/>
				<maml:description>
					<maml:para></maml:para>
				</maml:description>
			</dev:type>
			<maml:description></maml:description>
		</command:inputType>
	</command:inputTypes>
	<command:returnValues>
		<command:returnValue>
			<dev:type>
				<maml:name>None</maml:name>
				<maml:uri />
				<maml:description>
					<maml:para></maml:para>
				</maml:description>
			</dev:type>
			<maml:description></maml:description>
		</command:returnValue>
	</command:returnValues>
	<command:terminatingErrors>
	</command:terminatingErrors>
	<command:nonTerminatingErrors>
	</command:nonTerminatingErrors>
	<maml:alertSet>
		<maml:title></maml:title>
		<maml:alert>
			<maml:para></maml:para>
		</maml:alert>
	</maml:alertSet>
	<command:examples>
		<command:example>
			<maml:title>
--------------  Example 1 --------------			</maml:title>
			<maml:introduction>
				<maml:para>C:\PS&gt;</maml:para>
C:\PS&gt;			</maml:introduction>
  			<dev:code>$myConnection = Connect-PIServer -User &#39;user@mail.com&#39; -Password &#39;user_password&#39;
Disconnect-PIServer $myConnection -Confirm:$false</dev:code>
  			<dev:remarks>
				<maml:para>Disconnects the specified vCloud Air connection without asking for confirmation.</maml:para>
				<maml:para></maml:para>
				<maml:para></maml:para>
				<maml:para>
				</maml:para>
				<maml:para></maml:para>
  			</dev:remarks>
			<command:commandLines>
				<command:commandLine>
					<command:commandText>
					</command:commandText>
				</command:commandLine>
			</command:commandLines>
		</command:example>
	</command:examples>
	<maml:relatedLinks>
		<maml:navigationLink>
			<maml:linkText>Online version:</maml:linkText>
			<maml:uri>https://code.vmware.com/doc/preview?id=6330#/doc/Disconnect-PIServer.html</maml:uri>
		</maml:navigationLink>
		<maml:navigationLink>
			<maml:linkText>Connect-PIServer</maml:linkText>
			<maml:uri></maml:uri>
		</maml:navigationLink>
	</maml:relatedLinks>
</command:command>
<command:command xmlns:maml="http://schemas.microsoft.com/maml/2004/10" xmlns:command="http://schemas.microsoft.com/maml/dev/command/2004/10" xmlns:dev="http://schemas.microsoft.com/maml/dev/2004/10">
	<command:details>
		<command:name>Get-PIComputeInstance</command:name>
		<maml:description>
			<maml:para>This cmdlet retrieves vCloud Air compute instances.</maml:para>
		</maml:description>
		<maml:copyright>
           <maml:para />
		<!--Add copy right info here.-->
		</maml:copyright>
		<command:verb>Get</command:verb>
		<command:noun>PIComputeInstance</command:noun>
		<!--Add Dev version info here.-->
		<dev:version />
	</command:details>
	<maml:description>
	<!--This is the Description section-->
		<maml:para>This cmdlet retrieves vCloud Air compute instances.</maml:para>
	</maml:description>
	<command:syntax>
		<command:syntaxItem>
			<maml:name>Get-PIComputeInstance</maml:name>
			<command:parameter required = "false" variableLength = "true" globbing = "true" pipelineInput = "false" position = "named" >
				<maml:name>Region</maml:name>
				<maml:description>
					<maml:para>Returns only the vCloud Air compute instances that are in the specified region or regions.</maml:para>
				</maml:description>
			<command:parameterValue required="true" variableLength = "true" >String[]</command:parameterValue>
			</command:parameter>
			<command:parameter required = "false" variableLength = "true" globbing = "false" pipelineInput = "false" position = "named" >
				<maml:name>Server</maml:name>
				<maml:description>
					<maml:para>Specifies the IP or DNS addresses of the vCloud Air servers you want to connect to. If not specified, the default server address is used.</maml:para>
				</maml:description>
			<command:parameterValue required="true" variableLength = "true" >PIServer[]</command:parameterValue>
			</command:parameter>
		</command:syntaxItem>
	</command:syntax>
	<command:parameters>
		<command:parameter required="false" variableLength="true" globbing="true" pipelineInput="false" position="named">
			<maml:name>Region</maml:name>
			<maml:description>
				<maml:para>Returns only the vCloud Air compute instances that are in the specified region or regions.</maml:para>
			</maml:description>
			<command:parameterValue required="true" variableLength="true">String[]</command:parameterValue>
			<dev:type>
				<maml:name>String[]</maml:name>
				<maml:uri/>
			</dev:type>
			<dev:defaultValue></dev:defaultValue>
		</command:parameter>
		<command:parameter required="false" variableLength="true" globbing="false" pipelineInput="false" position="named">
			<maml:name>Server</maml:name>
			<maml:description>
				<maml:para>Specifies the IP or DNS addresses of the vCloud Air servers you want to connect to. If not specified, the default server address is used.</maml:para>
			</maml:description>
			<command:parameterValue required="true" variableLength="true">PIServer[]</command:parameterValue>
			<dev:type>
				<maml:name>PIServer[]</maml:name>
				<maml:uri/>
			</dev:type>
			<dev:defaultValue></dev:defaultValue>
		</command:parameter>
	</command:parameters>
	<command:inputTypes>
		<command:inputType>
			<dev:type>
				<maml:name></maml:name>
				<maml:uri/>
				<maml:description>
					<maml:para></maml:para>
				</maml:description>
			</dev:type>
			<maml:description></maml:description>
		</command:inputType>
	</command:inputTypes>
	<command:returnValues>
		<command:returnValue>
			<dev:type>
				<maml:name>Zero or more PIComputeInstance objects</maml:name>
				<maml:uri />
				<maml:description>
					<maml:para></maml:para>
				</maml:description>
			</dev:type>
			<maml:description></maml:description>
		</command:returnValue>
	</command:returnValues>
	<command:terminatingErrors>
	</command:terminatingErrors>
	<command:nonTerminatingErrors>
	</command:nonTerminatingErrors>
	<maml:alertSet>
		<maml:title></maml:title>
		<maml:alert>
			<maml:para></maml:para>
		</maml:alert>
	</maml:alertSet>
	<command:examples>
		<command:example>
			<maml:title>
--------------  Example 1 --------------			</maml:title>
			<maml:introduction>
				<maml:para>C:\PS&gt;</maml:para>
C:\PS&gt;			</maml:introduction>
  			<dev:code>Get-PIComputeInstance</dev:code>
  			<dev:remarks>
				<maml:para>Retrieves all available vCloud Air compute instances.</maml:para>
				<maml:para></maml:para>
				<maml:para></maml:para>
				<maml:para>
				</maml:para>
				<maml:para></maml:para>
  			</dev:remarks>
			<command:commandLines>
				<command:commandLine>
					<command:commandText>
					</command:commandText>
				</command:commandLine>
			</command:commandLines>
		</command:example>
		<command:example>
			<maml:title>
--------------  Example 2 --------------			</maml:title>
			<maml:introduction>
				<maml:para>C:\PS&gt;</maml:para>
C:\PS&gt;			</maml:introduction>
  			<dev:code>Get-PIComputeInstance -Region &quot;de-germany-1-16.vchs.vmware.com&quot;</dev:code>
  			<dev:remarks>
				<maml:para>Retrieves compute instances that are in the DE (Germany) region.</maml:para>
				<maml:para></maml:para>
				<maml:para></maml:para>
				<maml:para>
				</maml:para>
				<maml:para></maml:para>
  			</dev:remarks>
			<command:commandLines>
				<command:commandLine>
					<command:commandText>
					</command:commandText>
				</command:commandLine>
			</command:commandLines>
		</command:example>
	</command:examples>
	<maml:relatedLinks>
		<maml:navigationLink>
			<maml:linkText>Online version:</maml:linkText>
			<maml:uri>https://code.vmware.com/doc/preview?id=6330#/doc/Get-PIComputeInstance.html</maml:uri>
		</maml:navigationLink>
	</maml:relatedLinks>
</command:command>
<command:command xmlns:maml="http://schemas.microsoft.com/maml/2004/10" xmlns:command="http://schemas.microsoft.com/maml/dev/command/2004/10" xmlns:dev="http://schemas.microsoft.com/maml/dev/2004/10">
	<command:details>
		<command:name>Get-PIDatacenter</command:name>
		<maml:description>
			<maml:para>This cmdlet retrieves the vCloud Air virtual datacenters that satisfy the specified filters.</maml:para>
		</maml:description>
		<maml:copyright>
           <maml:para />
		<!--Add copy right info here.-->
		</maml:copyright>
		<command:verb>Get</command:verb>
		<command:noun>PIDatacenter</command:noun>
		<!--Add Dev version info here.-->
		<dev:version />
	</command:details>
	<maml:description>
	<!--This is the Description section-->
		<maml:para>This cmdlet retrieves the vCloud Air virtual datacenters that satisfy the specified filters.</maml:para>
	</maml:description>
	<command:syntax>
		<command:syntaxItem>
			<maml:name>Get-PIDatacenter</maml:name>
			<command:parameter required = "false" variableLength = "true" globbing = "true" pipelineInput = "false" position = "1" >
				<maml:name>Name</maml:name>
				<maml:description>
					<maml:para>Specifies the names for the vCloud Air datacenters that you want to retrieve.</maml:para>
				</maml:description>
			<command:parameterValue required="true" variableLength = "true" >String[]</command:parameterValue>
			</command:parameter>
			<command:parameter required = "false" variableLength = "true" globbing = "false" pipelineInput = "false" position = "named" >
				<maml:name>Server</maml:name>
				<maml:description>
					<maml:para>Specifies the vCloud Air servers on which you want to run the cmdlet. If no value is given to this parameter, the command runs on the default servers. For more information about default servers, see the description of Connect-PIServer.</maml:para>
				</maml:description>
			<command:parameterValue required="true" variableLength = "true" >PIServer[]</command:parameterValue>
			</command:parameter>
		</command:syntaxItem>
	</command:syntax>
	<command:parameters>
		<command:parameter required="false" variableLength="true" globbing="true" pipelineInput="false" position="1">
			<maml:name>Name</maml:name>
			<maml:description>
				<maml:para>Specifies the names for the vCloud Air datacenters that you want to retrieve.</maml:para>
			</maml:description>
			<command:parameterValue required="true" variableLength="true">String[]</command:parameterValue>
			<dev:type>
				<maml:name>String[]</maml:name>
				<maml:uri/>
			</dev:type>
			<dev:defaultValue></dev:defaultValue>
		</command:parameter>
		<command:parameter required="false" variableLength="true" globbing="false" pipelineInput="false" position="named">
			<maml:name>Server</maml:name>
			<maml:description>
				<maml:para>Specifies the vCloud Air servers on which you want to run the cmdlet. If no value is given to this parameter, the command runs on the default servers. For more information about default servers, see the description of Connect-PIServer.</maml:para>
			</maml:description>
			<command:parameterValue required="true" variableLength="true">PIServer[]</command:parameterValue>
			<dev:type>
				<maml:name>PIServer[]</maml:name>
				<maml:uri/>
			</dev:type>
			<dev:defaultValue></dev:defaultValue>
		</command:parameter>
	</command:parameters>
	<command:inputTypes>
		<command:inputType>
			<dev:type>
				<maml:name></maml:name>
				<maml:uri/>
				<maml:description>
					<maml:para></maml:para>
				</maml:description>
			</dev:type>
			<maml:description></maml:description>
		</command:inputType>
	</command:inputTypes>
	<command:returnValues>
		<command:returnValue>
			<dev:type>
				<maml:name>One or more PIDatacenter objects</maml:name>
				<maml:uri />
				<maml:description>
					<maml:para></maml:para>
				</maml:description>
			</dev:type>
			<maml:description></maml:description>
		</command:returnValue>
	</command:returnValues>
	<command:terminatingErrors>
	</command:terminatingErrors>
	<command:nonTerminatingErrors>
	</command:nonTerminatingErrors>
	<maml:alertSet>
		<maml:title></maml:title>
		<maml:alert>
			<maml:para></maml:para>
		</maml:alert>
	</maml:alertSet>
	<command:examples>
		<command:example>
			<maml:title>
--------------  Example 1 --------------			</maml:title>
			<maml:introduction>
				<maml:para>C:\PS&gt;</maml:para>
C:\PS&gt;			</maml:introduction>
  			<dev:code>Get-PIDatacenter -Name &#39;myDatacenter&#39;</dev:code>
  			<dev:remarks>
				<maml:para>Retrieves all virtual datacenters named &#39;myDatacenter&#39; from the vCloud Air server.</maml:para>
				<maml:para></maml:para>
				<maml:para></maml:para>
				<maml:para>
				</maml:para>
				<maml:para></maml:para>
  			</dev:remarks>
			<command:commandLines>
				<command:commandLine>
					<command:commandText>
					</command:commandText>
				</command:commandLine>
			</command:commandLines>
		</command:example>
	</command:examples>
	<maml:relatedLinks>
		<maml:navigationLink>
			<maml:linkText>Online version:</maml:linkText>
			<maml:uri>https://code.vmware.com/doc/preview?id=6330#/doc/Get-PIDatacenter.html</maml:uri>
		</maml:navigationLink>
	</maml:relatedLinks>
</command:command>
</helpItems>


