<ComponentDescriptor>
  <Name>VMware.VimAutomation.HA.Commands</Name>
  <Assembly>VMware.VimAutomation.HA.Commands</Assembly>
  <ImplementingType>VMware.VimAutomation.HA.Commands.HACmdletsComponentImpl</ImplementingType>
  <IsSnapin>true</IsSnapin>
  <ProvidedServiceList>
  </ProvidedServiceList>
  <RequiredServiceList>
  </RequiredServiceList>
  <ExtendedServiceList>
  </ExtendedServiceList>
  <Version>
    <Major>6</Major>
    <Minor>0</Minor>
    <Revision>0</Revision>
    <Build>000000</Build>
    <Company>VMware Inc.</Company>
    <Copyright>Copyright 2015</Copyright>
    <UserFriendlyVersion>VMware High Availability PowerCLI Component 6.0 build 000000</UserFriendlyVersion>
    <Description>Provides cmdlets for managing VMware High Availability.</Description>
  </Version>
</ComponentDescriptor>