<ComponentDescriptor>
  <Name>VMware.VimAutomation.Cis.Nsxt.Commands</Name>
  <Assembly>VMware.VimAutomation.Cis.Nsxt.Commands</Assembly>
  <ImplementingType>VMware.VimAutomation.Cis.Nsxt.Commands.NsxtCommandsComponentImpl</ImplementingType>
  <IsSnapin>true</IsSnapin>
  <ProvidedServiceList>
  </ProvidedServiceList>
  <RequiredServiceList>
    <ServiceDescriptor>
      <Name>NsxtCoreService</Name>
      <Version>1.0</Version>
    </ServiceDescriptor>
  </RequiredServiceList>
  <ExtendedServiceList>
  </ExtendedServiceList>
  <Version>
    <Major>10</Major>
    <Minor>1</Minor>
    <Revision>0</Revision>
    <Build>8346947</Build>
    <Company>VMware Inc.</Company>
    <Copyright>Copyright 2017</Copyright>
    <UserFriendlyVersion>VMware Nsxt PowerCLI Component PowerCLI Component 10.1 build 8346947</UserFriendlyVersion>
    <Description>Provides cmdlets for managing VMware NSXT Server.</Description>
  </Version>
</ComponentDescriptor>