<ComponentDescriptor>
   <Name>VMware.VimAutomation.Vmc</Name>
   <Assembly>VMware.VimAutomation.Vmc.Impl</Assembly>
   <ImplementingType>VMware.VimAutomation.Vmc.Impl.V1.VmcComponentImpl</ImplementingType>

   <IsSnapin>false</IsSnapin>

   <ProvidedServiceList>
      <ServiceDescriptor>
         <Name>VmcCoreService</Name>
         <Version>1.0</Version>
      </ServiceDescriptor>
   </ProvidedServiceList>

   <RequiredServiceList></RequiredServiceList>

   <ExtendedServiceList></ExtendedServiceList>
</ComponentDescriptor>
