<?xml version="1.0" encoding="utf-8"?>
<helpItems xmlns="http://msh" schema="maml">
<command:command xmlns:maml="http://schemas.microsoft.com/maml/2004/10" xmlns:command="http://schemas.microsoft.com/maml/dev/command/2004/10" xmlns:dev="http://schemas.microsoft.com/maml/dev/2004/10">
	<command:details>
		<command:name>Connect-VmcServer</command:name>
		<maml:description>
			<maml:para></maml:para>
		</maml:description>
		<maml:copyright>
           <maml:para />
		<!--Add copy right info here.-->
		</maml:copyright>
		<command:verb>Connect</command:verb>
		<command:noun>VmcServer</command:noun>
		<!--Add Dev version info here.-->
		<dev:version />
	</command:details>
	<maml:description>
	<!--This is the Description section-->
		<maml:para></maml:para>
	</maml:description>
	<command:syntax>
	</command:syntax>
	<command:parameters>
	</command:parameters>
	<command:inputTypes>
		<command:inputType>
			<dev:type>
				<maml:name></maml:name>
				<maml:uri/>
				<maml:description>
					<maml:para></maml:para>
				</maml:description>
			</dev:type>
			<maml:description></maml:description>
		</command:inputType>
	</command:inputTypes>
	<command:returnValues>
		<command:returnValue>
			<dev:type>
				<maml:name></maml:name>
				<maml:uri />
				<maml:description>
					<maml:para></maml:para>
				</maml:description>
			</dev:type>
			<maml:description></maml:description>
		</command:returnValue>
	</command:returnValues>
	<command:terminatingErrors>
	</command:terminatingErrors>
	<command:nonTerminatingErrors>
	</command:nonTerminatingErrors>
	<maml:alertSet>
		<maml:title></maml:title>
		<maml:alert>
			<maml:para></maml:para>
		</maml:alert>
	</maml:alertSet>
	<command:examples>
	</command:examples>
	<maml:relatedLinks>
	</maml:relatedLinks>
</command:command>
<command:command xmlns:maml="http://schemas.microsoft.com/maml/2004/10" xmlns:command="http://schemas.microsoft.com/maml/dev/command/2004/10" xmlns:dev="http://schemas.microsoft.com/maml/dev/2004/10">
	<command:details>
		<command:name>Disconnect-VmcServer</command:name>
		<maml:description>
			<maml:para></maml:para>
		</maml:description>
		<maml:copyright>
           <maml:para />
		<!--Add copy right info here.-->
		</maml:copyright>
		<command:verb>Disconnect</command:verb>
		<command:noun>VmcServer</command:noun>
		<!--Add Dev version info here.-->
		<dev:version />
	</command:details>
	<maml:description>
	<!--This is the Description section-->
		<maml:para></maml:para>
	</maml:description>
	<command:syntax>
	</command:syntax>
	<command:parameters>
	</command:parameters>
	<command:inputTypes>
		<command:inputType>
			<dev:type>
				<maml:name></maml:name>
				<maml:uri/>
				<maml:description>
					<maml:para></maml:para>
				</maml:description>
			</dev:type>
			<maml:description></maml:description>
		</command:inputType>
	</command:inputTypes>
	<command:returnValues>
		<command:returnValue>
			<dev:type>
				<maml:name></maml:name>
				<maml:uri />
				<maml:description>
					<maml:para></maml:para>
				</maml:description>
			</dev:type>
			<maml:description></maml:description>
		</command:returnValue>
	</command:returnValues>
	<command:terminatingErrors>
	</command:terminatingErrors>
	<command:nonTerminatingErrors>
	</command:nonTerminatingErrors>
	<maml:alertSet>
		<maml:title></maml:title>
		<maml:alert>
			<maml:para></maml:para>
		</maml:alert>
	</maml:alertSet>
	<command:examples>
	</command:examples>
	<maml:relatedLinks>
	</maml:relatedLinks>
</command:command>
<command:command xmlns:maml="http://schemas.microsoft.com/maml/2004/10" xmlns:command="http://schemas.microsoft.com/maml/dev/command/2004/10" xmlns:dev="http://schemas.microsoft.com/maml/dev/2004/10">
	<command:details>
		<command:name>Connect-Vmc</command:name>
		<maml:description>
			<maml:para>This cmdlet establishes a connection to a VMware Cloud on AWS server.</maml:para>
		</maml:description>
		<maml:copyright>
           <maml:para />
		<!--Add copy right info here.-->
		</maml:copyright>
		<command:verb>Connect</command:verb>
		<command:noun>Vmc</command:noun>
		<!--Add Dev version info here.-->
		<dev:version />
	</command:details>
	<maml:description>
	<!--This is the Description section-->
		<maml:para>This cmdlet establishes a connection to a VMware Cloud on AWS server. Only Open Authorization (OAuth) is supported and a refresh token retrieves an access token, which later makes calls to the server. 

There are several parameters of the server session that can be customized by setting any of the following PowerShell variables before invoking the Connect-Vmc command: 
 
- If the $VmcServer variable is set, this changes the DNS name or the IP address of the VMware Cloud on AWS server where the management API calls are directed. If the variable is not set, the default &quot;vmc.vmware.com&quot; value is used. If you want to use the staging instance of VMware Cloud on AWS, set the variable to &quot;stg.vmc.vmware.com&quot;. 

- If the $VmcAuthenticationUrl variable is set, this changes the URL from which you want to obtain the authentication access tokens (passing the refresh token). If the variable is not set, the default &quot;https://saas.csp.vmware.com/csp/gateway/am/api/auth/api-tokens/authorize&quot; value is used. If you want to use the staging instance of VMware Cloud on AWS, set the variable to &quot;https://stg.csp.vmware.com/csp/gateway/am/api/auth/api-tokens/authorize&quot;. 

- If the $VmcApiMetadataUrl variable is set, this changes the URL path from which you want to download the metadata that describes the server API. If the variable is not set, the default &quot;https://vmc.vmware.com/rest/com/vmware/vapi/metadata.json&quot; value is used. Currently, the metadata download request is authenticated in the same manner as all the server API calls.

The connect and disconnect operations for a server are using a reference counting mechanism. 

PowerCLI supports a list of default servers. When an operation is performed, if the target servers cannot be determined from the specified parameters, the cmdlet runs against the servers in the default server list. They are kept in the $defaultVmcServers variable. The default servers list is managed in the same manner as the other default server lists for the vCenter and vCloud servers.

When running, the cmdlet performs the following steps:
1. If the Menu parameter is specified, a list of the latest connected VMware Cloud on AWS servers appears. 
2. If neither the Menu nor the Server parameter is specified, the default &quot;vmc.vmware.com&quot; value is used (the only available VMware Cloud on AWS server).
3. If the RefreshToken parameter is not specified, the local credential store is searched for a previously saved one. If a refresh token is not found, an error report is displayed. 
4. When using the Server and RefreshToken parameters, a new access token is requested and is later used for communication with the server. The access token is regularly renewed by using the refresh token while the PowerShell process is running or the server connection is closed with the Disconnect-Vmc cmdlet.

Note: If PowerShell runs in non-interactive mode, you are not prompted for credentials. If the server certificate needs approval and it is not permanently accepted, it is automatically rejected and the cmdlet stops running.</maml:para>
	</maml:description>
	<command:syntax>
		<command:syntaxItem>
			<maml:name>Connect-Vmc</maml:name>
			<command:parameter required = "false" variableLength = "false" globbing = "false" pipelineInput = "false" position = "named" >
				<maml:name>RefreshToken</maml:name>
				<maml:description>
					<maml:para>Specifies the OAuth refresh token you want to use for authentication with the VMware Cloud on AWS server. The token is obtained from the VMware Cloud on AWS server&#39;s Web UI portal.</maml:para>
				</maml:description>
			<command:parameterValue required="true" variableLength = "false" >SecureString</command:parameterValue>
			</command:parameter>
			<command:parameter required = "false" variableLength = "false" globbing = "false" pipelineInput = "false" position = "named" >
				<maml:name>SaveRefreshToken</maml:name>
				<maml:description>
					<maml:para>Indicates that the refresh token that you use for establishing the server session is saved to a local credential store and can be used automatically when connecting again to the same server.</maml:para>
				</maml:description>
			</command:parameter>
			<command:parameter required = "false" variableLength = "false" globbing = "false" pipelineInput = "false" position = "named" >
				<maml:name>NotDefault</maml:name>
				<maml:description>
					<maml:para>Specifies that you do not want to save the specified servers as default servers (the $global:defaultVmcServers PowerShell variable).</maml:para>
				</maml:description>
			</command:parameter>
		</command:syntaxItem>
		<command:syntaxItem>
			<maml:name>Connect-Vmc</maml:name>
			<command:parameter required = "true" variableLength = "false" globbing = "false" pipelineInput = "false" position = "named" >
				<maml:name>Menu</maml:name>
				<maml:description>
					<maml:para>Indicates that you want to select a connection server from a list of recently connected servers. If Menu is set to $true, the cmdlet retrieves a list of the last visited servers and enters a nested command prompt, so that you can select a server from the list.</maml:para>
				</maml:description>
			</command:parameter>
		</command:syntaxItem>
	</command:syntax>
	<command:parameters>
		<command:parameter required="false" variableLength="false" globbing="false" pipelineInput="false" position="named">
			<maml:name>RefreshToken</maml:name>
			<maml:description>
				<maml:para>Specifies the OAuth refresh token you want to use for authentication with the VMware Cloud on AWS server. The token is obtained from the VMware Cloud on AWS server&#39;s Web UI portal.</maml:para>
			</maml:description>
			<command:parameterValue required="true" variableLength="false">SecureString</command:parameterValue>
			<dev:type>
				<maml:name>SecureString</maml:name>
				<maml:uri/>
			</dev:type>
			<dev:defaultValue></dev:defaultValue>
		</command:parameter>
		<command:parameter required="false" variableLength="false" globbing="false" pipelineInput="false" position="named">
			<maml:name>SaveRefreshToken</maml:name>
			<maml:description>
				<maml:para>Indicates that the refresh token that you use for establishing the server session is saved to a local credential store and can be used automatically when connecting again to the same server.</maml:para>
			</maml:description>
			<dev:type>
				<maml:name>SwitchParameter</maml:name>
				<maml:uri/>
			</dev:type>
			<dev:defaultValue></dev:defaultValue>
		</command:parameter>
		<command:parameter required="false" variableLength="false" globbing="false" pipelineInput="false" position="named">
			<maml:name>NotDefault</maml:name>
			<maml:description>
				<maml:para>Specifies that you do not want to save the specified servers as default servers (the $global:defaultVmcServers PowerShell variable).</maml:para>
			</maml:description>
			<dev:type>
				<maml:name>SwitchParameter</maml:name>
				<maml:uri/>
			</dev:type>
			<dev:defaultValue></dev:defaultValue>
		</command:parameter>
		<command:parameter required="true" variableLength="false" globbing="false" pipelineInput="false" position="named">
			<maml:name>Menu</maml:name>
			<maml:description>
				<maml:para>Indicates that you want to select a connection server from a list of recently connected servers. If Menu is set to $true, the cmdlet retrieves a list of the last visited servers and enters a nested command prompt, so that you can select a server from the list.</maml:para>
			</maml:description>
			<dev:type>
				<maml:name>SwitchParameter</maml:name>
				<maml:uri/>
			</dev:type>
			<dev:defaultValue></dev:defaultValue>
		</command:parameter>
	</command:parameters>
	<command:inputTypes>
		<command:inputType>
			<dev:type>
				<maml:name></maml:name>
				<maml:uri/>
				<maml:description>
					<maml:para></maml:para>
				</maml:description>
			</dev:type>
			<maml:description></maml:description>
		</command:inputType>
	</command:inputTypes>
	<command:returnValues>
		<command:returnValue>
			<dev:type>
				<maml:name>VMware.VimAutomation.Vmc.Types.V1.VmcServer</maml:name>
				<maml:uri />
				<maml:description>
					<maml:para></maml:para>
				</maml:description>
			</dev:type>
			<maml:description></maml:description>
		</command:returnValue>
	</command:returnValues>
	<command:terminatingErrors>
	</command:terminatingErrors>
	<command:nonTerminatingErrors>
	</command:nonTerminatingErrors>
	<maml:alertSet>
		<maml:title></maml:title>
		<maml:alert>
			<maml:para></maml:para>
		</maml:alert>
	</maml:alertSet>
	<command:examples>
		<command:example>
			<maml:title>
--------------  Example 1 --------------			</maml:title>
			<maml:introduction>
				<maml:para>C:\PS&gt;</maml:para>
C:\PS&gt;			</maml:introduction>
  			<dev:code>Connect-Vmc -RefreshToken $myRefreshToken</dev:code>
  			<dev:remarks>
				<maml:para>Connects to a VMware Cloud on AWS server.</maml:para>
				<maml:para></maml:para>
				<maml:para></maml:para>
				<maml:para>
				</maml:para>
				<maml:para></maml:para>
  			</dev:remarks>
			<command:commandLines>
				<command:commandLine>
					<command:commandText>
					</command:commandText>
				</command:commandLine>
			</command:commandLines>
		</command:example>
		<command:example>
			<maml:title>
--------------  Example 2 --------------			</maml:title>
			<maml:introduction>
				<maml:para>C:\PS&gt;</maml:para>
C:\PS&gt;			</maml:introduction>
  			<dev:code>Connect-Vmc -RefreshToken $script:refreshToken -SaveRefreshToken</dev:code>
  			<dev:remarks>
				<maml:para>Connects to a VMware Cloud on AWS server by specifying the related secure connection token and saving it for later usage.</maml:para>
				<maml:para></maml:para>
				<maml:para></maml:para>
				<maml:para>
				</maml:para>
				<maml:para></maml:para>
  			</dev:remarks>
			<command:commandLines>
				<command:commandLine>
					<command:commandText>
					</command:commandText>
				</command:commandLine>
			</command:commandLines>
		</command:example>
		<command:example>
			<maml:title>
--------------  Example 3 --------------			</maml:title>
			<maml:introduction>
				<maml:para>C:\PS&gt;</maml:para>
C:\PS&gt;			</maml:introduction>
  			<dev:code>$VmcServer = $newVmcServerAddress
$VmcAuthenticationUrl = $newVmcServerAuthenticationUrl
$VmcApiMetadataUrl = $newVmcServerMetaDataUrl
Connect-Vmc -RefreshToken $myNewRefreshToken</dev:code>
  			<dev:remarks>
				<maml:para>Sets the VMware Cloud on AWS server, authentication, and API metadata URL variables and then connects to a VMware Cloud on AWS server by specifying the related secure connection token.</maml:para>
				<maml:para></maml:para>
				<maml:para></maml:para>
				<maml:para>
				</maml:para>
				<maml:para></maml:para>
  			</dev:remarks>
			<command:commandLines>
				<command:commandLine>
					<command:commandText>
					</command:commandText>
				</command:commandLine>
			</command:commandLines>
		</command:example>
	</command:examples>
	<maml:relatedLinks>
		<maml:navigationLink>
			<maml:linkText>Online version:</maml:linkText>
			<maml:uri>https://code.vmware.com/doc/preview?id=6330#/doc/Connect-Vmc.html</maml:uri>
		</maml:navigationLink>
		<maml:navigationLink>
			<maml:linkText>Disconnect-Vmc</maml:linkText>
			<maml:uri></maml:uri>
		</maml:navigationLink>
	</maml:relatedLinks>
</command:command>
<command:command xmlns:maml="http://schemas.microsoft.com/maml/2004/10" xmlns:command="http://schemas.microsoft.com/maml/dev/command/2004/10" xmlns:dev="http://schemas.microsoft.com/maml/dev/2004/10">
	<command:details>
		<command:name>Disconnect-Vmc</command:name>
		<maml:description>
			<maml:para>This cmdlet closes the connection to the servers specified by the Server parameter.</maml:para>
		</maml:description>
		<maml:copyright>
           <maml:para />
		<!--Add copy right info here.-->
		</maml:copyright>
		<command:verb>Disconnect</command:verb>
		<command:noun>Vmc</command:noun>
		<!--Add Dev version info here.-->
		<dev:version />
	</command:details>
	<maml:description>
	<!--This is the Description section-->
		<maml:para>This cmdlet closes the connection to the servers specified by the Server parameter.

When no servers are specified and if there is only one connected server in the $defaultVmcServers variable, this server is disconnected. If there is no connected server, the cmdlet throws a non-terminating error.

This functionality is using the reference counting mechanism. For more information about the mechanism, see Connect-Vmc.

When there are no more active connections to the server, it gets disconnected and then it is removed from the $defaultVmcServers variable (if it is present). For more information about this variable, see Connect-Vmc.

If the Force parameter is specified, the server is disconnected even if there is more than one connection to it. The RefCount property of the object is incremented by one.</maml:para>
	</maml:description>
	<command:syntax>
		<command:syntaxItem>
			<maml:name>Disconnect-Vmc</maml:name>
			<command:parameter required = "false" variableLength = "true" globbing = "true" pipelineInput = "true (ByValue)" position = "1" >
				<maml:name>Server</maml:name>
				<maml:description>
					<maml:para>Specifies the VMware Cloud on AWS servers you want to disconnect from.</maml:para>
				</maml:description>
			<command:parameterValue required="true" variableLength = "true" >CisServer[]</command:parameterValue>
			</command:parameter>
			<command:parameter required = "false" variableLength = "false" globbing = "false" pipelineInput = "false" position = "named" >
				<maml:name>Force</maml:name>
				<maml:description>
					<maml:para>Specifies that you want to remove all existing connections to the specified VMware Cloud on AWS servers.</maml:para>
				</maml:description>
			</command:parameter>
			<command:parameter required = "false" variableLength = "false" globbing = "false" pipelineInput = "false" position = "named" >
				<maml:name>WhatIf</maml:name>
				<maml:description>
					<maml:para>Indicates that the cmdlet is run only to display the changes that would be made and actually no objects are modified.</maml:para>
				</maml:description>
			</command:parameter>
			<command:parameter required = "false" variableLength = "false" globbing = "false" pipelineInput = "false" position = "named" >
				<maml:name>Confirm</maml:name>
				<maml:description>
					<maml:para>If the value is $true, indicates that the cmdlet asks for confirmation before running. If the value is $false, the cmdlet runs without asking for user confirmation.</maml:para>
				</maml:description>
			</command:parameter>
		</command:syntaxItem>
	</command:syntax>
	<command:parameters>
		<command:parameter required="false" variableLength="true" globbing="true" pipelineInput="true (ByValue)" position="1">
			<maml:name>Server</maml:name>
			<maml:description>
				<maml:para>Specifies the VMware Cloud on AWS servers you want to disconnect from.</maml:para>
			</maml:description>
			<command:parameterValue required="true" variableLength="true">CisServer[]</command:parameterValue>
			<dev:type>
				<maml:name>CisServer[]</maml:name>
				<maml:uri/>
			</dev:type>
			<dev:defaultValue></dev:defaultValue>
		</command:parameter>
		<command:parameter required="false" variableLength="false" globbing="false" pipelineInput="false" position="named">
			<maml:name>Force</maml:name>
			<maml:description>
				<maml:para>Specifies that you want to remove all existing connections to the specified VMware Cloud on AWS servers.</maml:para>
			</maml:description>
			<dev:type>
				<maml:name>SwitchParameter</maml:name>
				<maml:uri/>
			</dev:type>
			<dev:defaultValue></dev:defaultValue>
		</command:parameter>
		<command:parameter required="false" variableLength="false" globbing="false" pipelineInput="false" position="named">
			<maml:name>WhatIf</maml:name>
			<maml:description>
				<maml:para>Indicates that the cmdlet is run only to display the changes that would be made and actually no objects are modified.</maml:para>
			</maml:description>
			<dev:type>
				<maml:name>SwitchParameter</maml:name>
				<maml:uri/>
			</dev:type>
			<dev:defaultValue></dev:defaultValue>
		</command:parameter>
		<command:parameter required="false" variableLength="false" globbing="false" pipelineInput="false" position="named">
			<maml:name>Confirm</maml:name>
			<maml:description>
				<maml:para>If the value is $true, indicates that the cmdlet asks for confirmation before running. If the value is $false, the cmdlet runs without asking for user confirmation.</maml:para>
			</maml:description>
			<dev:type>
				<maml:name>SwitchParameter</maml:name>
				<maml:uri/>
			</dev:type>
			<dev:defaultValue></dev:defaultValue>
		</command:parameter>
	</command:parameters>
	<command:inputTypes>
		<command:inputType>
			<dev:type>
				<maml:name></maml:name>
				<maml:uri/>
				<maml:description>
					<maml:para></maml:para>
				</maml:description>
			</dev:type>
			<maml:description></maml:description>
		</command:inputType>
	</command:inputTypes>
	<command:returnValues>
		<command:returnValue>
			<dev:type>
				<maml:name>None</maml:name>
				<maml:uri />
				<maml:description>
					<maml:para></maml:para>
				</maml:description>
			</dev:type>
			<maml:description></maml:description>
		</command:returnValue>
	</command:returnValues>
	<command:terminatingErrors>
	</command:terminatingErrors>
	<command:nonTerminatingErrors>
	</command:nonTerminatingErrors>
	<maml:alertSet>
		<maml:title></maml:title>
		<maml:alert>
			<maml:para></maml:para>
		</maml:alert>
	</maml:alertSet>
	<command:examples>
		<command:example>
			<maml:title>
--------------  Example 1 --------------			</maml:title>
			<maml:introduction>
				<maml:para>C:\PS&gt;</maml:para>
C:\PS&gt;			</maml:introduction>
  			<dev:code>$connection = ConnectVmc -RefreshToken $myRefreshToken
Disconnect-Vmc -Server $connection -Confirm:$false</dev:code>
  			<dev:remarks>
				<maml:para>Disconnects the specified VMware Cloud on AWS server without asking for confirmation.</maml:para>
				<maml:para></maml:para>
				<maml:para></maml:para>
				<maml:para>
				</maml:para>
				<maml:para></maml:para>
  			</dev:remarks>
			<command:commandLines>
				<command:commandLine>
					<command:commandText>
					</command:commandText>
				</command:commandLine>
			</command:commandLines>
		</command:example>
		<command:example>
			<maml:title>
--------------  Example 2 --------------			</maml:title>
			<maml:introduction>
				<maml:para>C:\PS&gt;</maml:para>
C:\PS&gt;			</maml:introduction>
  			<dev:code>$connection = ConnectVmc -RefreshToken $myRefreshToken
Disconnect-Vmc -Server &#39;*&#39; -Force -Confirm:$false</dev:code>
  			<dev:remarks>
				<maml:para>Forces the disconnect operation for all connected VMware Cloud on AWS servers without asking for confirmation.</maml:para>
				<maml:para></maml:para>
				<maml:para></maml:para>
				<maml:para>
				</maml:para>
				<maml:para></maml:para>
  			</dev:remarks>
			<command:commandLines>
				<command:commandLine>
					<command:commandText>
					</command:commandText>
				</command:commandLine>
			</command:commandLines>
		</command:example>
	</command:examples>
	<maml:relatedLinks>
		<maml:navigationLink>
			<maml:linkText>Online version:</maml:linkText>
			<maml:uri>https://code.vmware.com/doc/preview?id=6330#/doc/Disconnect-Vmc.html</maml:uri>
		</maml:navigationLink>
		<maml:navigationLink>
			<maml:linkText>Connect-Vmc</maml:linkText>
			<maml:uri></maml:uri>
		</maml:navigationLink>
	</maml:relatedLinks>
</command:command>
<command:command xmlns:maml="http://schemas.microsoft.com/maml/2004/10" xmlns:command="http://schemas.microsoft.com/maml/dev/command/2004/10" xmlns:dev="http://schemas.microsoft.com/maml/dev/2004/10">
	<command:details>
		<command:name>Get-VmcService</command:name>
		<maml:description>
			<maml:para>This cmdlet retrieves PSObject objects that represent a proxy to a VMware Cloud on AWS API service.</maml:para>
		</maml:description>
		<maml:copyright>
           <maml:para />
		<!--Add copy right info here.-->
		</maml:copyright>
		<command:verb>Get</command:verb>
		<command:noun>VmcService</command:noun>
		<!--Add Dev version info here.-->
		<dev:version />
	</command:details>
	<maml:description>
	<!--This is the Description section-->
		<maml:para>This cmdlet retrieves PSObject objects that represent a proxy to a VMware Cloud on AWS API service and can be used to invoke the operations of the VMware Cloud on AWS API service.</maml:para>
	</maml:description>
	<command:syntax>
		<command:syntaxItem>
			<maml:name>Get-VmcService</maml:name>
			<command:parameter required = "false" variableLength = "true" globbing = "true" pipelineInput = "false" position = "1" >
				<maml:name>Name</maml:name>
				<maml:description>
					<maml:para>Specifies the service type ID.</maml:para>
				</maml:description>
			<command:parameterValue required="true" variableLength = "true" >String[]</command:parameterValue>
			</command:parameter>
			<command:parameter required = "false" variableLength = "true" globbing = "false" pipelineInput = "false" position = "named" >
				<maml:name>Server</maml:name>
				<maml:description>
					<maml:para>Specifies the VMC servers on which you want to run the cmdlet. If no value is given to this parameter, the command runs on the default servers. For more information about default servers, see the description of Connect-Vmc.</maml:para>
				</maml:description>
			<command:parameterValue required="true" variableLength = "true" >CisServer[]</command:parameterValue>
			</command:parameter>
		</command:syntaxItem>
	</command:syntax>
	<command:parameters>
		<command:parameter required="false" variableLength="true" globbing="true" pipelineInput="false" position="1">
			<maml:name>Name</maml:name>
			<maml:description>
				<maml:para>Specifies the service type ID.</maml:para>
			</maml:description>
			<command:parameterValue required="true" variableLength="true">String[]</command:parameterValue>
			<dev:type>
				<maml:name>String[]</maml:name>
				<maml:uri/>
			</dev:type>
			<dev:defaultValue></dev:defaultValue>
		</command:parameter>
		<command:parameter required="false" variableLength="true" globbing="false" pipelineInput="false" position="named">
			<maml:name>Server</maml:name>
			<maml:description>
				<maml:para>Specifies the VMC servers on which you want to run the cmdlet. If no value is given to this parameter, the command runs on the default servers. For more information about default servers, see the description of Connect-Vmc.</maml:para>
			</maml:description>
			<command:parameterValue required="true" variableLength="true">CisServer[]</command:parameterValue>
			<dev:type>
				<maml:name>CisServer[]</maml:name>
				<maml:uri/>
			</dev:type>
			<dev:defaultValue></dev:defaultValue>
		</command:parameter>
	</command:parameters>
	<command:inputTypes>
		<command:inputType>
			<dev:type>
				<maml:name></maml:name>
				<maml:uri/>
				<maml:description>
					<maml:para></maml:para>
				</maml:description>
			</dev:type>
			<maml:description></maml:description>
		</command:inputType>
	</command:inputTypes>
	<command:returnValues>
		<command:returnValue>
			<dev:type>
				<maml:name>One or more PSObject objects</maml:name>
				<maml:uri />
				<maml:description>
					<maml:para></maml:para>
				</maml:description>
			</dev:type>
			<maml:description></maml:description>
		</command:returnValue>
	</command:returnValues>
	<command:terminatingErrors>
	</command:terminatingErrors>
	<command:nonTerminatingErrors>
	</command:nonTerminatingErrors>
	<maml:alertSet>
		<maml:title></maml:title>
		<maml:alert>
			<maml:para></maml:para>
		</maml:alert>
	</maml:alertSet>
	<command:examples>
		<command:example>
			<maml:title>
--------------  Example 1 --------------			</maml:title>
			<maml:introduction>
				<maml:para>C:\PS&gt;</maml:para>
C:\PS&gt;			</maml:introduction>
  			<dev:code>Get-VmcService</dev:code>
  			<dev:remarks>
				<maml:para>Retrieves all available VMware Cloud on AWS services on the connected VMware Cloud on AWS server.</maml:para>
				<maml:para></maml:para>
				<maml:para></maml:para>
				<maml:para>
				</maml:para>
				<maml:para></maml:para>
  			</dev:remarks>
			<command:commandLines>
				<command:commandLine>
					<command:commandText>
					</command:commandText>
				</command:commandLine>
			</command:commandLines>
		</command:example>
		<command:example>
			<maml:title>
--------------  Example 2 --------------			</maml:title>
			<maml:introduction>
				<maml:para>C:\PS&gt;</maml:para>
C:\PS&gt;			</maml:introduction>
  			<dev:code>Get-VmcService -Name &#39;com.vmware.vmc.orgs&#39;</dev:code>
  			<dev:remarks>
				<maml:para>Retrieves a specific VMware Cloud on AWS service by a specific name.</maml:para>
				<maml:para></maml:para>
				<maml:para></maml:para>
				<maml:para>
				</maml:para>
				<maml:para></maml:para>
  			</dev:remarks>
			<command:commandLines>
				<command:commandLine>
					<command:commandText>
					</command:commandText>
				</command:commandLine>
			</command:commandLines>
		</command:example>
	</command:examples>
	<maml:relatedLinks>
		<maml:navigationLink>
			<maml:linkText>Online version:</maml:linkText>
			<maml:uri>https://code.vmware.com/doc/preview?id=6330#/doc/Get-VmcService.html</maml:uri>
		</maml:navigationLink>
	</maml:relatedLinks>
</command:command>
</helpItems>


