<ComponentDescriptor>
  <Name>VMware.VumAutomation</Name>
  <Assembly>VMware.VumAutomation</Assembly>
  <ImplementingType>VMware.VumAutomation.VumAutomationComponent</ImplementingType>
  <IsSnapin>true</IsSnapin>
  <ProvidedServiceList>
  </ProvidedServiceList>
  <RequiredServiceList>
    <ServiceDescriptor>
      <Name>ViCoreService</Name>
      <Version>1.0</Version>
    </ServiceDescriptor>
  </RequiredServiceList>
  <ExtendedServiceList>
  </ExtendedServiceList>
  <Version>
    <Major>6</Major>
    <Minor>5</Minor>
    <Revision>0</Revision>
    <Build>7862888</Build>
    <Company>VMware Inc.</Company>
    <Copyright>Copyright 2015</Copyright>
    <UserFriendlyVersion>VMware vSphere Update Manager PowerCLI 6.5 build 7862888</UserFriendlyVersion>
    <Description>Provides core cmdlets for managing VMware vSphere Update Manager.</Description>
  </Version>
</ComponentDescriptor>